{"position": [[0.03625], [-0.03277814], [-0.04985334]], 
"orientation": [[0.0, -1.0, 0.0], 
[1.0, 0.0, 0.0], 
[0.0, 0.0, 1.0]]}
