{"position": [[0.032965377411505056], [-0.03326090079000281], [-0.049678731004771465]], 
"orientation": [[0.02392629274076219, -0.9995998047815302, 0.015091812230816268], 
[0.9997116329853479, 0.023892630724240416, -0.0024068798981509033], 
[0.0020453335797337643, 0.015145047963012593, 0.9998832152470336]]}