{"position": [[0.031729425026942475], [-0.030088440269041637], [-0.04745671155807013]], "orientation": [[0.01582362248432445, -0.9997175127808745, 0.017734362427095408], [0.9997893835769892, 0.015587951548177159, -0.013349316584596605], [0.01306910319102602, 0.017941861825175022, 0.9997536137149134]]}