{"workspace_bounds": [[0.3485422927686855, 0.7269094110187726], [-0.29438146107957575, 0.3782711935872458]], "pixel_length": 0.00035033992430563623}